{"cameraMode":{"drawMode":0,"name":"Shaded","section":"Shading Mode"},"sceneLighting":false,"audioPlay":false,"sceneViewState":{"showFog":true,"showMaterialUpdate":true,"showSkybox":true,"showFlares":true,"showImageEffects":true,"showParticleSystems":true},"in2DMode":false,"pivot":{"x":0.9983253479003906,"y":1.8885293006896973,"z":-50.81403350830078},"rotation":{"x":0.05369631573557854,"y":-0.9351559281349182,"z":0.1616794466972351,"w":0.3105801045894623},"size":19.700620651245118,"orthographic":false}