{"cameraMode":{"drawMode":0,"name":"Shaded","section":"Shading Mode"},"sceneLighting":false,"audioPlay":false,"sceneViewState":{"showFog":true,"showMaterialUpdate":true,"showSkybox":true,"showFlares":true,"showImageEffects":true,"showParticleSystems":true},"in2DMode":false,"pivot":{"x":6.311223983764648,"y":-1.2962760925292969,"z":20.956523895263673},"rotation":{"x":0.21628841757774354,"y":-0.1536169797182083,"z":0.034482356160879138,"w":0.9635518789291382},"size":40.63911056518555,"orthographic":false}